Q00987	P04637
P49427	Q9Y297
Q00987	Q16665
Q9UM11	Q99741
P38398	Q16777
Q9UK22	P02765
P46934	O14964
Q9UM11	P30304
O15151	P04637
Q13489	Q9NR28
Q00987	P49757
P38398	Q9BXW9
Q9UJX6	O95997
O60260	Q99719
Q9UKB1	P30304
Q9UM11	P04183
Q9Y4K3	P34932
Q9UM11	Q13309
Q9UKB1	P16471
P46934	Q14524
Q9NR09	Q9NR28
Q00987	Q16778
Q969Q1	P19429
P38398	P24928
Q7Z6Z7	Q07820
Q7Z6Z7	P01106
Q9UK22	P05556
Q9UNE7	Q86WG3
O75150	Q16778
Q9UK22	Q9UNE7
P35226	Q16777
Q96CA5	Q9NR28
Q9UNE7	Q04912
O60260	P42566
P46934	P51170
Q9Y297	Q53EL6
Q9UNE7	P10911
Q8N3Y1	P24385
Q99728	P52434
Q9UKV5	Q15011
Q7Z6J0	Q15011
Q9UKT7	Q49AN0
O60260	Q9NRD5
Q9UNE7	P33402
Q9NRD0	P62330
Q96T88	P68431
Q86Y13	P04908
Q9Y4K3	P51617
P78317	P61956
Q8WZ73	Q13546
Q00987	P00374
Q9UM11	P20248
Q9UM11	O95997
P46934	Q9BSA4
Q9UM11	Q9HAW4
Q00987	P98177
Q9Y4K3	Q14192
O00308	P49281
Q96Q27	P21333
P00748	Q16665
Q9Y297	P24864
Q00987	Q7LG56
Q00987	P14316
P38398	P31749
P49427	P46527
Q8IYW5	Q16777
Q9NS91	Q12888
Q9UNE7	Q8IZQ8
O43255	P55036
Q05086	P55036
P46934	P55036
Q00987	P55036
Q9Y297	P55036
Q969Q1	P19237
O60260	P55036
Q9Y4B6	O75449
Q00987	Q12778
Q6P3S6	P04637
Q05086	P46527
Q9UNE7	P34932
Q9UKV5	P00441
Q9BYM8	Q9Y6K9
Q96FA3	Q13546
Q9NX47	P00441
Q8WZ19	P61586
Q13829	P61586
Q8TDB6	P62805
Q14145	O14920
Q12834	P20248
O60260	Q9Y6K9
Q9UNE7	P07900
P46934	Q9Y3C5
P46934	Q13571
P46934	P51168
Q00987	Q92630
Q9P2J3	Q96GD4
Q9P2N7	Q96GD4
Q92844	Q8IUC6
P46934	Q01959
Q12834	P49454
Q693B1	Q13547
Q53G59	P21917
P15918	Q16695
Q9NZJ0	P12004
Q96CS3	P21359
Q9UKT5	P54274
Q8IUQ4	Q9HB71
Q86TM6	P05067
Q96DX5	P12532
Q99496	Q16777
Q96EP1	Q14527
Q00987	O14746
Q99942	Q7Z434
Q969H0	Q13887
Q9HAU4	Q99717
Q9Y4K3	Q14457
Q12834	Q07820
Q9UNE7	Q9Y2U5
Q05086	Q06830
Q00987	P18847
Q9UMS4	O43395
Q99619	P60321
Q9HCE7	Q9H160
Q7Z6Z7	O75928
Q9Y297	O43524
O95714	P38398
P40337	O14641
P22681	P11274
P09936	Q16637
Q96J02	P08151
Q6R327	O00141
Q9Y297	P01106
Q9UK22	P56817
Q9Y297	Q9GZV5
Q9HAU4	O15169
Q9Y4B6	P13051
Q9UNE7	P10914
O14544	P10721
Q9NZJ0	Q9NQR1
Q8IUQ4	Q15554
O95071	P50750
Q9UNE7	P15559
Q969H0	Q99848
O00308	O15105
O00308	P84022
Q96T88	P26358
Q9BYM8	Q14258
Q96EP0	Q14258
O60260	O00429
P29372	P51668
Q9UM11	O00429
O60858	Q00987
O60858	P31749
O60260	Q6NUN9
Q96J02	O95835
Q9HAU4	P61586
O43164	P10644
O43164	P13861
Q5VTR2	Q16778
Q8NG27	Q15910
P38398	P06401
Q00987	P62979
Q9H469	Q9HCE7
O43791	Q9Y6Q9
Q969V5	P04637
O60260	Q8IWA4
Q9NX47	Q92844
Q13049	P98170
P35226	P16104
Q99496	P16104
Q9UM11	O75496
Q9UM11	P53350
Q9UM11	Q15004
Q969U6	Q6UVJ0
Q9HCI7	Q16778
P38398	P0DP91
Q969Q1	P68133
Q9UM11	O94782
P35226	Q6FI13
Q9Y297	P30305
Q9UKB1	P30305
Q9NTX7	P18887
Q9NTX7	P12956
Q13309	O43524
Q12834	Q9NS23
Q00987	Q9UHR4
Q86YT6	Q9UHD2
Q9UNE7	Q05513
Q9UNE7	P12931
Q13490	O43353
Q13490	Q9Y572
Q13490	P57078
Q13489	O43353
Q13489	Q9Y572
Q13489	P57078
P98170	P57078
Q9HAU4	P41134
Q9HAU4	Q02535
P46934	Q14457
Q96PU4	P24385
Q96PU4	P24864
P46934	P37840
O14508	P10912
P78317	Q8N907
Q9NZJ0	Q92830
Q96PM5	O15350
Q96J02	Q13571
Q7Z6Z7	Q92769
Q8IYU2	P63000
O43255	Q9BSI4
Q9BZR9	O43318
Q12834	P23497
P40337	Q14103
P98170	O95831
Q86XK2	P41182
Q13490	P63000
P98170	O43236
Q7Z6Z7	P12004
Q9UM11	Q86WB0
Q6VVB1	O14641
O76064	O96017
Q7Z6Z7	P15172
Q96EP1	P51532
Q96EP1	Q12824
Q96EP1	Q96GM5
P98170	Q04726
Q9NX47	P46821
Q12834	Q9Y2T1
Q9UKC9	P30279
Q9UKC9	P05067
Q969V5	P31749
Q9UM11	P14635
Q9UM11	Q96BY2
P40337	P10909
Q9Y4B6	Q7L590
Q9UM11	O00716
P29372	P78318
Q8IWV8	Q16777
Q9Y297	O00418
Q9Y297	P35968
O60260	Q9BXM7
Q13049	Q86WV6
P98170	Q6GPH4
Q96J02	O14641
P38398	Q9HAW4
Q8TBB1	Q96KB5
Q8TBB1	Q05586
Q8TBB1	P22459
Q8TBB1	P56750
Q8TBB1	P48546
Q8TBB1	O60828
Q8TBB1	P41595
O43567	O95295
Q68DV7	Q13467
Q5T0T0	Q9NPH3
Q9NS56	P16104
Q6P050	P35609
Q13489	Q92844
Q9BV68	P38936
Q9Y297	Q86T82
Q8N2H9	Q9Y4K3
Q00987	P40424
Q13490	Q8NBP7
Q16531	O15350
Q9H4M3	P38398
Q9UM11	O60566
Q9UM11	Q12834
O76064	O60934
Q00987	P10914
Q9Y4K3	Q16584
P46934	P04198
P46934	P31749
P98170	Q96HS1
Q13490	Q96HS1
Q9HCM9	P04637
Q96PM5	Q9H3D4
P38398	P14635
P37231	Q04206
Q00987	P46531
Q96J02	Q01860
Q96EP1	P09874
Q9BV68	Q9GZX7
Q12834	Q9UBZ9
Q9Y297	Q96T88
Q969H0	Q9UHV7
Q969H0	Q71F56
Q9UNE7	Q00613
Q9UNE7	P29034
Q9UNE7	P25815
Q16531	Q92905
Q92630	O14746
Q9UKC9	Q96GD4
Q9UH77	Q9H4A3
Q9BV68	P00533
Q9Y4L5	P00533
Q96PM5	O96017
Q13490	Q14164
Q92844	Q14164
Q9UH77	Q96J92
Q53GT1	P53350
P46934	Q96FV9
O15304	Q8N726
Q86XK2	Q9NZJ0
Q969H0	Q9Y5W3
Q6ZNA4	P61956
Q9NZJ0	O14757
P46934	P37231
Q00987	P24522
Q9UKC9	O00459
Q9Y297	P10912
Q9UNL4	Q04206
O43255	Q13625
Q14669	P35712
Q9Y4B6	Q9Y3Z3
Q969Q1	P06576
O76064	P54132
P0CI25	P54132
Q9NX47	O95140
P22681	P35222
Q13309	P03372
P98170	O43353
O95198	Q96J92
Q9Y4K3	Q9BXM7
Q8N2H9	O43353
Q9Y4K3	P42345
Q9HCE7	O15169
Q9UM11	P48431
Q9Y297	Q9UM11
Q9UNE7	Q9BZS1
Q9HAU4	Q9BUZ4
Q9BUZ4	Q9HAU4
Q9H0F5	P04637
Q9C0C7	Q14457
Q12834	Q9UPP1
Q9UNE7	Q8N6T7
Q13309	P61587
Q9HCE7	Q92519
P46934	O95835
P22681	P27986
O94955	P24864
Q15751	P48436
Q9UKA1	O95863
Q9UM11	Q9P2P5
Q8WXH5	O75553
Q9Y297	Q92519
Q86YT6	P54132
P37231	P15941
Q9UNE7	Q8TCG1
Q8NHY2	P50991
Q86Y13	P54253
Q6ZN04	O95149
Q9UMS4	P15927
Q9UMS4	P27694
Q8WXH4	P04843
P46934	Q00987
Q9UKV5	P11441
O95071	O75469
O14543	O60674
O14543	P40189
Q7Z6Z7	Q9UIF7
Q9Y297	P49841
Q13489	P10914
Q96EP0	Q9Y6K9
Q9Y2M5	P29590
Q00987	Q96AQ6
Q9Y297	Q01664
Q9UNE7	P63241
Q00987	P15259
Q9UNE7	Q9Y4K3
Q9Y574	Q02363
Q2Q1W2	Q6ZN17
Q9Y4K3	Q99538
Q99496	P23921
P35226	P23921
Q13490	Q86VP3
Q13489	Q86VP3
Q969H0	P49715
P46934	P21860
Q9NVW2	P16949
Q8NCQ5	Q9UJA2
Q9HAU4	Q9Y297
Q96GF1	O14641
Q05086	Q9Y5K5
Q6PJ69	Q8NDV7
Q14258	Q9UKV5
Q5XUX0	Q9H211
P78317	P54253
Q9H992	P10636
Q9UNE7	Q16584
Q9NZJ0	Q13569
P98170	Q99759
P50876	P78527
Q00987	Q9GZR7
Q99496	Q9C0C7
P0C2W1	Q96IZ0
Q969K3	Q9Y239
Q8IYU2	Q96CV9
Q9UM11	Q96C86
Q13049	P04198
O60260	Q9NX09
Q9BYM8	P17252
Q9Y297	Q13009
P38398	P04908
Q9Y297	P06493
Q9UPN9	Q9H6R0
Q9Y297	O14503
Q9UKB1	O14503
P29372	Q15257
P46934	Q9UBF6
Q9UNE7	O75460
Q8NG06	O14576
Q9BY78	Q86WV6
O00308	Q9H074
Q8N5Z5	Q9BT92
P29372	Q9NRP7
O43791	P35659
Q96FA3	P41182
O95714	Q9Y2K6
O00308	Q9UM47
O60260	P09936
Q9UKB1	O60343
Q9Y314	P67775
Q96AX9	Q9NQC7
O60260	P54829
Q8NFZ0	Q06609
O60260	Q99714
P38398	O14818
Q9Y4K3	P36897
Q9UPN9	P35222
Q96ME1	Q9UJT9
Q13309	P38398
P46934	Q9H4B6
Q9Y4B6	P30153
Q9UK99	Q9HCE7
Q86YT6	P78504
Q12899	Q14653
Q9UNE7	P56817
Q9UJT9	O15392
Q5XPI4	P19838
P46934	Q9Y4H2
Q969H0	Q16204
Q8N8N0	Q7L523
Q96EP0	Q13077
Q969V5	O75385
Q00987	O15350
Q9UKC9	Q96P20
O94952	Q9Y6B2
Q96T88	P04637
Q9NXK8	P30838
Q5XUX0	Q00987
Q5U5R9	O75925
Q6X9E4	Q8N6P7
Q7Z6Z7	Q13105
Q8NHY2	P46527
O60260	Q8IXI2
P46934	Q01628
Q9UNE7	P60484
P46934	P23759
Q9UM11	P23760
O43791	Q12809
P46934	Q969T9
Q9UM11	P51955
O60260	P14635
O60260	P51955
Q969V5	O15350
Q8N448	P49757
Q13309	P12830
Q8TDB6	P06899
Q9BVG3	Q9H257
Q92844	O95147
Q07869	P10415
O95628	Q96T37
Q14145	Q86YC2
Q13490	P55060
Q8NHM5	P01100
O60260	Q13501
O43255	O96017
Q00987	P10276
P41002	Q99741
Q969Q1	P10827
Q9H0A0	Q00987
Q13114	O43318
Q9NVW2	Q00987
Q96PU5	P62745
Q00987	P46695
Q9UF56	Q9UMX1
Q8ND25	Q03135
O43791	Q9UBN7
Q969H0	Q9H3D4
Q969H0	P35659
Q969H0	Q16665
Q969H0	P21359
Q969H0	Q00653
Q969H0	Q99062
Q969H0	Q96BA8
Q969H0	Q70SY1
Q969H0	Q96GD4
Q969H0	P36956
Q969H0	P49716
Q969H0	P17275
Q969H0	Q9Y2Y9
Q969H0	Q14494
Q969H0	Q15583
Q969H0	P04150
Q969H0	Q9Y6Q9
Q969H0	Q9UBK2
Q969H0	P11388
Q969H0	P15056
Q969H0	Q07820
Q969H0	P53805
Q969U6	Q12929
Q969U6	Q9Y238
Q8N3Y1	Q9BQQ3
Q8N3Y1	P18065
Q8N3Y1	P35568
Q8N3Y1	Q8IZP1
Q8N3Y1	Q92918
Q5XX13	P45973
Q9UKB1	Q76N32
Q9UKB1	P53805
Q9UKB1	O15534
Q9UKB1	O15055
Q9UKB1	Q53EL6
Q9UKB1	Q13127
Q9UKB1	Q9HAW4
Q9UKB1	Q9P2F8
Q9UKB1	Q8TB45
Q9UKB1	Q12959
Q9UKB1	P46937
Q9UKB1	Q8IYD8
Q9UKB1	Q9UKT4
P41002	O43303
P41002	P31350
Q9UK22	P29033
Q9UK22	Q9UHB4
Q9UK22	P78324
Q9UK99	Q9NXK8
Q9NRD1	O75882
Q9NRD1	P02786
Q9Y3I1	P16150
Q9UK97	Q9Y4R8
Q9UK97	O43156
Q9UK96	P10415
Q8NCQ5	P08183
Q8NFZ0	P84077
Q8NEZ5	O75164
Q8TCJ0	O96004
Q8TCJ0	P61371
Q8TCJ0	P52952
Q5XUX0	Q9NPB6
Q969P5	Q16558
Q9UH90	P35568
Q9H4M3	Q9UPW8
Q13309	P20248
Q13309	Q13415
Q13309	Q9HCS4
Q13309	O15553
Q13309	P35232
Q13309	P51587
Q13309	O60934
Q13309	P31749
Q13309	P52333
Q13309	Q9NTG7
Q13309	Q9Y297
Q9Y297	O95999
Q9Y297	O43734
Q9Y297	P51617
Q9Y297	P10070
Q9Y297	P10071
Q9Y297	P46937
Q9Y297	Q00613
Q9Y297	Q14494
Q9Y297	Q16236
Q9Y297	P78545
Q9Y297	P04637
Q9Y297	P42224
Q9Y297	Q8N907
Q9Y297	Q15672
Q9Y297	P78543
Q9Y297	P62324
Q9Y297	Q6PGQ7
Q9Y297	Q9NYP9
Q9Y297	P24385
Q9Y297	O95997
Q9Y297	Q9HAW4
Q9Y297	Q9NS23
Q9Y297	P42574
Q9Y297	O43521
Q9Y297	Q07820
Q9Y297	Q14103
Q9Y297	Q9BZB8
Q9Y297	Q15717
Q9Y297	P54274
Q9Y297	P35226
Q9Y297	Q16875
Q9Y297	P19235
Q9Y297	P15260
Q9Y297	Q13651
Q9Y297	O75365
Q9Y297	Q8TB45
Q9Y297	O60346
Q9Y297	P01112
Q9Y297	P02751
Q9Y297	A0A1B0GVQ0
Q9Y297	Q14247
Q9Y297	P98174
Q9Y297	Q5JSP0
Q9Y297	P12830
Q9Y297	Q96K76
Q9Y297	Q10589
Q9UKT7	Q16526
Q9UKA2	O75164
Q9UKA1	P00519
Q9UJT9	O14965
Q8NHM5	Q16777
Q9NXK8	P13010
Q8N1E6	Q16828
Q8N1E6	O43623
Q8N1E6	O95863
Q8N1E6	Q15672
Q9UF56	Q9BX63
Q6PCT2	P63000
Q6PCT2	P61586
Q6PCT2	Q01638
Q9UKT6	Q16526
Q9UKT6	Q49AN0
Q6P050	Q14315
Q13191	P00533
Q00987	O15151
P22681	P08581
Q969H0	P01106
Q969H0	P10242
Q9UPN9	Q13485
O15151	Q00987
Q969H0	P05412
Q96M02	P04637
Q13309	Q9H211
Q13309	P46527
Q8NG27	Q9Y5V3
Q9UKV5	P08684
Q9UNE7	P08684
Q00987	P61254
Q7Z6E9	P67809
Q9NZJ0	P38936
P46934	O75843
Q9H4P4	O60260
Q96J02	Q16621
Q00987	P08069
P46934	P08069
Q14669	Q13564
P46934	P60484
P46934	P24928
Q96PM5	O14579
Q6ZNA4	P12757
P19474	Q02556
O43255	O75925
Q14258	P03372
Q9Y4K3	Q9Y6K9
Q9P253	Q9NZ52
Q9UNE7	P54253
Q9HCE7	Q15797
P19474	Q13107
O60260	P49792
Q9H0M0	Q13887
Q9UNE7	P13569
P21580	Q13546
P46934	P04629
Q8IUQ4	Q9Y6H5
O43255	P37840
Q00987	Q92831
P40337	Q9Y2K6
Q9UKB1	P17181
Q9BYM8	P48200
O60260	Q99497
Q9UNE7	P11142
Q00987	P32121
P0C2W1	O15350
Q96J02	Q9Y5X1
Q8WY64	P01130
P46934	Q9NV92
Q9UKT5	P24385
Q9UNE7	Q15797
Q9UNE7	P04637
P46934	Q07912
Q5XUX0	P24385
Q7Z6J0	Q8WUM4
Q7Z6J0	P48048
Q12834	P14635
Q7Z6Z7	P04637
O43734	Q9Y4K3
Q8IUQ4	P37840
P19474	O14920
P46934	P00533
Q969P5	O00303
Q9UJP4	Q96GD4
Q969Q1	P55036
Q9UNE7	P55036
O00308	Q01860
P46934	Q15303
Q9HCE7	Q99717
Q9UNE7	Q99933
Q96DX5	P12277
Q96JP5	Q99558
Q9UNE7	P04626
Q96PU5	Q9NV92
Q9UNE7	P37840
Q9UNE7	P10275
Q13263	P04637
Q99496	Q6FI13
Q9Y4K3	P04629
Q96J02	Q15796
O76064	P12004
Q9Y297	Q00653
Q12834	O95997
Q9UNE7	P04049
Q7Z6M2	P67809
Q9Y297	P30304
Q9UKA1	P48200
Q13233	P28482
Q96EP0	P05771
P78317	P29590
Q00987	Q01094
P29372	P67775
Q9Y297	P35222
Q9Y297	P53805
Q13309	Q08999
O95155	Q99689
Q96PM5	Q9Y5M8
Q9UNE7	Q9UPR3
Q00987	Q9H2X6
Q9Y297	P30291
Q9UKB1	P30291
Q9Y297	P19838
Q13490	Q05195
O95714	P23025
Q13309	P38936
Q12834	O60566
Q9Y4K3	Q9UDY8
Q13490	Q9Y6K9
O76064	P16104
Q00987	Q9Y6B2
Q9NW38	Q9BXW9
Q9Y4K3	Q92985
Q9HCE7	O15105
Q9HCE7	Q9BUZ4
Q9UKB1	P25963
Q9NZJ0	Q9H211
P40337	Q8TEY7
O75150	Q9UQ80
Q13309	P49918
P38398	P16104
Q86WB0	P14635
Q13309	P55895
Q13309	Q99607
Q9NZJ0	P04637
Q13309	P24864
Q969P5	P15172
Q8WVD3	Q9NQB0
Q12834	P51955
Q9Y297	Q8NF37
O60260	P24864
Q7Z6Z7	P04198
Q9HCE7	P45974
Q9HCE7	Q9Y2U5
Q9HCE7	Q8N0X7
Q13216	P0DP91
P40337	Q16665
P22681	P00533
Q14145	Q16236
Q969H0	P24864
P22681	P00519
P22681	P43405
Q13489	O95999
O95071	Q92547
Q8TBB1	P49757
Q13490	Q92844
O60260	O15354
O60260	Q9Y6H5
Q96PM5	P04637
P98170	Q9Y2U5
Q14258	O95786
Q86TM6	O15354
Q5VTB9	O75182
P38398	Q99708
Q6VVB1	B3EWF7
P98170	P55211
Q96J02	O15350
Q9UNE7	Q8WY41
Q9UNE7	P10636
Q9NS56	P04637
Q96PU4	Q8WW12
P98170	Q9NR28
Q13490	Q9NR28
Q9NS91	P12004
Q96EP1	P53350
Q05086	P54725
Q9NV58	P00441
Q6VVB1	Q9UQK1
Q9H0M0	Q15303
Q9Y6I7	Q9H2X6
Q9HCE7	P61586
Q969H0	O96020
Q96PM5	P46527
Q8IUQ4	P35222
Q00987	P27695
Q05086	P04083
O60291	Q99816
Q9NS56	Q99801
Q9Y297	P25963
Q96J02	P45985
Q9H0M0	Q9H3D4
P98170	P60484
Q99942	Q9P055
P38398	P52434
Q9Y4K3	O43318
P53804	P31749
Q8WV44	P05771
Q00987	P10275
Q05086	P04637
Q8IUQ4	Q9H2X6
Q9NVW2	P54274
Q86TM6	P04637
Q99942	P49023
Q05086	Q14160
Q9Y4K3	P31749
Q8IUQ4	Q9UPY8
Q9NW38	Q9NVI1
Q8IUD6	O95786
Q9Y252	P10275
Q6UWE0	Q99816
Q5VTR2	Q9UQ80
Q13049	Q8N2W9
Q8WVD3	Q9UJU2
Q96EP1	Q13547
Q14527	P12004
Q9Y6I7	Q92813
Q9NV58	Q9Y6H5
Q9P2G9	Q13702
O60260	Q16342
Q8TEB7	P29965
P22681	P08069
Q13490	Q13546
Q13489	Q13546
P38398	P23258
Q05086	P54727
Q92844	Q13546
Q00987	P12956
Q13490	P42574
Q13490	P55210
Q05086	P29590
Q9UNE7	P54252
Q00987	Q08499
Q96PM5	Q9Y253
Q9H4P4	Q9NR09
Q96J02	Q9H3M7
Q13489	Q13114
Q96PU5	P84022
Q9ULV8	P12931
Q9H6Y7	Q96BI1
Q9NYG5	O95997
Q9UNE7	P04150
P22681	P16234
O15524	O60674
P22681	P06239
P22681	P51692
P22681	P35968
Q13191	P43405
P22681	P22607
Q13191	P19174
Q92466	Q01831
Q86XK2	P04637
P40337	Q99814
P22681	P11362
P22681	P40189
Q969H0	P42345
Q969H0	P04198
Q00987	P06400
Q00987	Q13469
Q00987	P12830
O43791	Q9UER7
Q969H0	P46531
O43791	P03372
Q8TEL6	P01106
Q9BR09	P35222
Q5T447	Q9UNK0
Q5T447	Q9H2D6
Q76N89	O14640
Q96J02	Q16630
Q13233	P15408
Q9P0N8	P02786
Q5T0T0	P01911
Q5T0T0	P01903
Q86YT6	O00548
Q96AX9	Q9NR61
Q8WY64	Q14114
Q96PU5	Q99250
Q96PU5	P37088
P46934	P17302
P46934	Q16655
P46934	Q99816
P46934	P43405
P46934	P46934
Q9UDY8	Q9Y6K9
Q9P2E8	P01730
Q86YJ5	P15151
Q86YJ5	Q9BV40
Q8TCQ1	P01730
Q00987	Q92993
Q00987	Q00987
Q00987	O60936
Q00987	O15273
Q86YT6	P53355
Q9HCI7	P04637
Q96PU5	Q96PU5
Q96PU5	Q01959
Q96PU5	Q9NY46
P46934	P10275
A8MQ27	Q9NR61
Q6ZW49	P12004
Q96FA3	P51617
P98170	Q8N668
Q9UKV5	P04035
Q12834	P46527
Q9H2C0	P46821
Q6TDP4	Q13002
O43791	P35226
Q7Z569	Q9UNH5
Q99728	P38398
Q13191	Q13191
P22681	P54762
P22681	P08648
P22681	P15498
P22681	O14964
P22681	P07948
P22681	Q96B97
Q9UNE7	P35869
Q9UNE7	Q9UNE7
Q9UNE7	O00141
Q7L5Y6	Q13085
Q8NHY2	O00763
Q7L5Y6	P04637
Q96JY6	P42224
Q96JY6	Q04206
O60260	P68363
O60260	P07437
Q7Z419	O60294
Q9NVW2	P53667
Q9NVW2	Q92769
P19474	P46527
Q9Y297	Q9NX09
Q9Y297	Q9UKT4
Q99618	P30291
Q13309	Q9NS23
Q13309	P17542
Q12834	Q01196
Q9H2C0	Q66K74
O43791	P05412
O75150	Q96A08
P22681	Q8WU20
Q9UNE7	Q92731
Q9UNE7	Q13950
Q9UNE7	P84022
Q9UNE7	P17542
Q66K89	P04637
Q05086	P49815
O15524	P35568
O14508	O14543
O14543	P35568
O14543	Q9Y4H2
P40337	Q9Y2N7
P40337	P48200
Q8IYU2	P24385
Q96J02	O95999
Q96J02	P55957
Q96J02	Q15303
Q7Z6J0	O14964
Q8IUQ4	Q9GZT9
Q8IUQ4	P29590
Q8IUQ4	P51825
Q8IUQ4	Q16665
Q8IUQ4	Q9NWT6
Q8IUQ4	P49757
Q8IUQ4	P98161
Q8IUQ4	P08247
O43255	Q92667
Q9HCE7	Q9NZ63
Q9HCE7	Q9H8M7
Q9HCE7	P09769
Q9HCE7	P17252
Q9HCE7	Q14247
Q9HCE7	O76080
Q9HAU4	Q9Y3C5
Q9HAU4	Q13485
P21580	P21580
O60784	Q15742
Q9Y4K3	P49116
Q9BZY9	Q9BZY9
Q9H0M0	O43541
Q9H0M0	P36897
Q9H0M0	Q13950
Q9UKV5	P01009
Q9UKV5	P04114
Q5TC82	Q9Y6W8
Q8WZ73	Q8WZ73
Q6PCD5	P04637
Q8TEB7	P52566
Q8WVD3	Q8WVD3
Q5VTB9	Q5VTB9
Q9NVW2	O43679
P78317	P78317
Q9Y252	P53667
Q9Y297	Q12959
Q9Y297	Q00987
Q9Y297	O15534
Q9Y297	P84022
Q9NXK8	P49918
Q969P5	Q12778
Q8TCQ1	P02786
Q8TCQ1	P42081
Q9H992	Q9H992
Q86YJ5	O60486
Q86YJ5	Q9UHN6
Q00987	Q92793
Q00987	Q8N9B5
Q86YT6	Q86YT6
Q86YT6	Q9NYJ7
Q86YT6	Q9NR61
Q969V5	O00429
Q8WY64	Q8WY64
Q96PU5	Q9UQD0
Q96PU5	Q15858
Q96PU5	Q9Y5Y9
P46934	P07550
P46934	O75113
P46934	P43005
A8MQ27	Q9NYJ7
O43663	P04908
Q8TEB7	Q01151
Q8N6D2	P27449
Q99728	P24928
Q13191	Q96B97
P22681	P22455
P22681	Q04912
Q96EP1	Q14807
Q9UNE7	P60321
Q9UNE7	Q13043
Q05086	Q16611
Q05086	Q15334
Q05086	Q9HD26
Q9Y575	P20333
O15524	Q04206
P40337	P41743
P40337	P62487
Q9NWZ3	Q96FA3
Q96J02	Q14511
Q96J02	Q96J02
Q96J02	P46531
Q9UKB1	P35222
Q9UKB1	Q9UKB1
Q9UKB1	P19838
Q13309	P01106
Q13309	P35222
Q13309	Q9UMW8
Q8IUQ4	P10242
Q8IUQ4	Q96RU7
O43255	Q9GZT9
O43255	P29590
Q9HCE7	Q6ZTN6
Q9HCE7	Q8N8V4
Q9HCE7	P21709
Q9HCE7	P07332
Q9HCE7	Q99988
Q9HCE7	O00291
Q9HCE7	P05129
Q9HCE7	P80192
Q9HCE7	P51955
Q9HCE7	Q9Y508
Q9HCE7	Q8NFZ5
Q9HCE7	O60784
Q9HCE7	Q13950
Q9HAU4	Q15797
Q86TM6	P04035
Q86TM6	P10636
Q86TM6	Q8WZ42
Q9Y4K3	O43353
Q9Y4K3	Q9Y4K3
Q9Y577	Q14653
P36406	Q9Y4K3
Q13049	Q96EV8
Q969Q1	P05976
P53804	P31751
P53804	Q9Y243
Q9NWF9	Q9NWF9
Q969K3	P04637
Q9Y297	Q13485
Q13309	P78543
Q13309	Q12778
Q13309	O00233
Q8IUQ4	Q9P212
Q8IUQ4	O75525
O43255	Q16633
Q9HCE7	Q8IZ07
Q9HCE7	P08133
Q9HCE7	Q9NWM3
Q9HCE7	P06239
Q9HCE7	Q96KG9
Q9HCE7	Q5BJF6
Q9HCE7	P16234
Q8TCQ1	P01903
Q9NX47	Q8IWA4
Q5T0T0	P42081
Q86YJ5	Q6BAA4
Q86YJ5	Q8NHL6
Q86YJ5	Q12913
Q96AX9	Q9NYJ7
Q9UHC7	Q7Z7B0
Q9UHC7	P54098
Q96PU5	P49281
P46934	Q9UKG1
P46934	Q9NYA4
P46934	P19634
P46934	P07948
P46934	Q9BT67
O95155	O95997
O95071	Q9BPZ3
O00308	P24928
Q9UKV5	P13569
Q12834	P38936
Q13490	Q9Y6D9
Q13490	Q13077
Q13489	Q13601
Q99728	P03372
Q99728	P16104
P22681	P06241
P22681	O94875
P22681	P08138
P22681	O43521
Q9UNE7	Q9UM73
Q9UNE7	P03372
Q9UNE7	Q9Y6Q9
Q9UNE7	P00441
Q8NHY2	Q53ET0
Q05086	Q12959
P22681	P55085
P22681	P48736
P22681	O43597
P22681	P07333
Q9UNE7	O60762
Q9UNE7	Q01196
Q9UNE7	P80370
Q9UNE7	P31645
O15524	P07948
O15524	Q9Y4H2
O75159	P00533
P40337	O14503
P40337	P02751
Q9UII4	P22392
Q96J02	Q9H3D4
P48742	P53667
Q8TCQ1	Q30154
Q96FA3	Q15311
O00623	P50542
O43663	Q96KK5
Q9Y297	P18848
Q9Y297	P16471
Q9Y297	O00221
Q969P5	P15173
Q9Y3I1	Q13490
Q969U6	P49815
Q13309	P24385
O14543	Q9Y286
P51617	Q96FA3
Q96J02	Q13118
Q9NX47	O00429
Q5T0T0	Q30154
Q86YJ5	P01730
Q86YJ5	P10586
Q86YJ5	Q13291
Q00987	P49407
Q96AX9	O00548
P46934	Q9HC16
P46934	P42566
P46934	Q9Y4G8
P46934	Q9NZ52
Q9Y314	P19235
O60260	P37840
Q9HCE7	Q9UKE5
Q9HCE7	P67936
Q9HCE7	Q13404
Q9HAU4	P36897
Q86TM6	Q92542
Q92844	Q13114
O94972	O94972
Q05086	Q9Y6Q9
Q8IWV7	P08100
P98170	O43318
Q96PM5	Q5T7V8
Q14145	Q96HS1
Q13489	Q9UDY8
P22681	Q8TBZ2
Q13309	P50750
Q13309	P50616
Q13309	P98174
Q13309	P25963
Q13309	O00221
Q9HCE7	P19784
Q9HCE7	P60002
Q9HCE7	Q9P2X3
Q9HCE7	P26038
Q9HCE7	Q8N6M0
Q9HCE7	Q13492
Q9HAU4	P61224
Q86TM6	P10909
Q86TM6	P31645
Q86TM6	O00141
Q86TM6	Q86TM6
Q9Y4K3	Q99497
Q13049	Q9Y6X2
Q13049	Q13049
Q969Q1	P06732
Q05086	O43166
Q9H0M0	Q9Y3C5
Q9UKV5	O15503
Q8WZ73	P04637
P78317	P43268
P19474	Q9C035
Q9Y297	Q8IYD8
Q9Y297	P01730
Q9Y297	O95863
Q99618	P38936
Q969P5	P28562
Q969P5	P19429
Q969H0	P49768
Q13309	Q03164
Q13309	Q13485
Q13309	Q5MJ70
Q8IUQ4	Q99708
Q8IUQ4	Q13118
Q8TCQ1	P49327
Q9P0N8	P42081
Q86YJ5	P01909
Q00987	P25098
O15151	P38936
Q96PU5	P51170
P46934	O95999
P46934	P46531
O43663	Q96QV6
O43663	P16104
O43663	P0C0S5
Q99496	Q8N488
Q6ZNA4	O15105
Q9NVW2	Q86U70
Q68DV7	Q9ULX6
O95376	Q99684
P22681	P29317
P22681	P17948
Q9UNE7	Q12778
Q9UNE7	Q12852
Q9Y4B6	P35240
Q92466	Q96QV6
Q7L5Y6	Q12778
O14508	O15524
Q96J02	Q16655
Q96J02	O15519
Q96J02	P17275
Q96J02	P05412
Q13233	Q86Y01
O43255	P43146
O43255	O75376
Q9HCE7	Q9P1Z2
Q9HCE7	Q15642
Q9HCE7	Q9Y6I3
Q9HCE7	P48730
Q9HCE7	P41743
Q9HCE7	Q02779
Q9HCE7	Q9UM07
Q9HCE7	P55036
Q9HCE7	Q9ULJ7
Q9HCE7	Q9H5N1
Q9HCE7	P63000
Q9HCE7	P54725
Q9HCE7	O14730
Q9HCE7	Q9UHD2
Q9HCE7	P36897
Q9HCE7	Q9UHD9
Q9HAU4	Q15796
Q9HAU4	O15105
Q13114	Q99558
Q9Y4K3	P37840
Q9Y4K3	P08138
Q14258	Q14258
Q9BRZ2	Q86WV6
Q969Q1	Q96A32
Q9BYM8	Q9BYM8
Q05086	P06400
Q9H0M0	P04637
Q9H0M0	Q9H0M0
O00308	O00308
P98170	P42574
Q9Y297	Q15653
Q9Y297	O15055
Q9Y297	Q9NS37
Q9Y297	O00444
Q9UKA1	Q14203
Q9UK22	Q05586
Q13309	Q13309
Q8IUQ4	P43146
Q8IUQ4	Q16633
O43255	P08247
Q9HCE7	P35626
Q9HCE7	Q9H1I8
Q9HCE7	Q9BRJ6
Q9HCE7	P61328
Q9HCE7	Q00688
Q9HCE7	O76013
Q9HCE7	Q9P270
Q9NX47	Q9NX47
Q86YJ5	P01920
Q86YJ5	P18433
Q00987	Q15334
Q96PU5	P04629
Q96PU5	Q9BSA4
A8MQ27	O00548
Q8N2W9	P14921
O60260	P53667
Q9Y4L5	Q9Y4L5
P22681	Q96JA1
P22681	P42229
Q9UNE7	Q9NPJ1
Q9NPC3	Q9NPC3
Q9NSE2	O43521
Q96J02	P00533
Q96EP0	P17252
Q86YJ5	P31994
Q00987	P38936
Q00987	P35568
P19474	P19474
Q9Y297	Q13127
Q9UK99	Q9H2X6
Q9UKT8	Q9NP62
Q969H0	O14965
Q13309	P28562
Q13309	P06400
O60907	P35222
O43255	Q9P212
Q9HCE7	Q16186
Q9HCE7	P54252
Q9HCE7	Q06187
Q9HCE7	Q9H6K1
Q9HCE7	Q96CS3
Q9HCE7	Q9NSB8
Q9HCE7	P42679
Q9HCE7	Q9H2K8
Q9HCE7	Q6ZVM7
Q9HCE7	Q9BSL1
Q9HCE7	P61086
Q9HCE7	Q9UMX0
Q9HCE7	Q9BZV1
Q9HAU4	Q13950
Q86TM6	Q9UKV5
Q92844	Q13601
Q9Y577	Q9Y577
O95155	P54252
Q9H2C0	Q99426
Q9P2J3	P14635
Q6JEL2	P14635
Q9NVR0	P14635
Q53G59	P14635
Q9P2N7	P14635
Q9HCE7	Q569H4
Q9HAU4	P20333
Q9HAU4	P35222
Q13049	P01106
Q969Q1	P10916
Q9C035	Q9C035
Q9BYM8	Q8N5C8
P98170	P04049
P98170	P98170
Q8NEG5	Q8NEG5
Q12834	Q03164
Q96PU5	Q99816
O75928	P42224
Q8N2W9	P25490
O43663	Q6FI13
O43663	Q99496
Q6ZNA4	P12755
Q96EQ8	Q9BYX4
Q8TEB7	P52565
P78317	P09874
Q99942	P13569
O76064	Q96QV6
Q13490	Q99683
Q13191	P12931
P22681	P12931
Q9UNE7	Q5S007
Q9UNE7	Q99683
Q9UNE7	P06748
Q9UNE7	P31749
Q9UNE7	P43694
Q05086	P26045
Q96Q27	O75369
O15524	P15498
Q7Z6Z7	Q7Z6Z7
Q96J02	Q9HBA0
Q9Y297	Q13563
Q8NFZ0	Q8NFZ0
Q9Y3I1	Q15398
Q9UKB1	O00444
Q969H0	Q12772
Q9HCE7	A6NI79
Q9HCE7	Q08881
Q9HCE7	Q9Y4K4
Q9HCE7	Q7KZI7
Q9HCE7	Q96C92
Q9HCE7	O43541
Q9HCE7	Q15750
Q9HCE7	P62253
Q9HCE7	Q9BYM8
Q9HAU4	P12757
Q9HAU4	O95630
Q13077	Q99558
Q9Y4K3	Q9BVN2
P29372	P04554
Q8IYM9	Q8IYM9
Q969Q1	Q14324
Q15386	O75155
Q13233	P05412
P22681	P19174
P38398	P03372
P22681	P10721
P22681	P04626
P22681	P21802
P22681	P09619
P38398	P06748
P22681	P40238
Q75N03	P12830
Q96J02	P22681
Q8TCQ1	P01911
Q9UHC7	P38936
Q9UHC7	P04637
O75592	P49815
Q96PU5	O00141
Q6VVB1	P35573
Q9NX47	Q9Y3D6
O60337	Q92813
Q96PU5	Q14524
Q96PU5	Q96QD8
Q96PU5	Q15796
O00308	P11161
O60260	Q13155
P15918	P52294
Q96EQ8	O95786
Q6ZMZ0	Q9NWZ5
Q5VTR2	Q96A08
P22681	Q02556
O95628	P41229
O95628	O95628
Q86TM6	O75460
Q9NS91	P35250
Q96EP0	P51843
Q9H4P4	P21860
Q99942	Q86WV6
Q9NRD1	O14757
Q8TBB1	P12931
Q13233	P27361
Q96PU5	P51795
P15918	P15918
Q9NV58	P41180
Q13489	Q99558
Q13309	Q01094
Q8IUQ4	Q14807
Q9C040	P07196
O43255	Q92844
Q96PU5	P36897
Q9BYM8	Q9NYJ8
Q96EP1	O14965
Q9UPQ7	O15146
Q7Z419	P38936
Q86YJ5	P05362
Q9UHC7	O14746
Q9BYM8	Q14653
Q9P253	Q9NYY3
Q9UKV5	P04234
Q13489	Q13077
P22681	P46109
Q9HAU4	Q9HCE7
Q96PM5	Q13547
Q9H4P4	Q9H4P4
Q149N8	P12004
Q96PU5	Q07912
O60260	Q14190
Q86T96	O95409
Q9H4P4	Q15303
P38398	Q13133
P22681	P31785
Q96J02	P61073
O43255	Q9H6Z9
O43255	O14974
Q96F44	Q96RN5
Q96F44	P26367
Q68DV7	Q68DV7
Q96EP1	Q96EP1
Q5XPI4	P46527
Q13049	Q9NYB9
Q05086	P33993
O43791	O75367
Q13490	Q99558
Q9UKV5	P27701
P19474	Q14653
P22681	Q9UGK3
Q13309	P10244
Q05086	P37840
Q9ULV8	P00533
O15164	P04637
Q9NYG5	P14635
Q9NYG5	Q9NQW6
Q9NYG5	O75496
Q9Y4X5	Q14190
Q9Y4X5	O60573
Q13490	Q13114
Q13490	Q9Y4K3
Q13489	Q9Y4K3
Q13489	P42574
Q13489	P55210
P35226	O75496
Q7Z569	Q7Z569
P38398	P0C0S8
P38398	Q96A08
P38398	P38398
P38398	P11388
O75150	Q16623
P22681	P29322
P22681	P06127
P22681	O95644
P22681	Q02763
P22681	P12318
P22681	Q7Z698
P22681	P09769
Q96J02	O15357
Q96J02	Q15583
Q96J02	O43353
Q96J02	Q9Y371
Q96J02	Q9UM47
Q9P0N8	Q12959
Q9P2E8	P01911
Q9NX47	P46939
Q5T0T0	P54252
Q5T0T0	P00441
Q5T0T0	P04233
Q5T0T0	P08684
Q00987	Q13761
Q00987	P41181
Q00987	Q9UER7
Q00987	Q9Y2R9
Q00987	O94992
Q00987	Q9BVP2
Q00987	Q15849
Q00987	P24864
Q969V5	Q969V5
Q96PU5	Q8WXF1
Q96PU5	O00213
Q96PU5	P43003
Q96PU5	P22001
Q86WC4	P08754
Q9BSM1	P0C0S8
O60683	P50542
Q8NG27	P32519
Q8NG27	P84022
O43164	O43164
O60260	P21796
O60260	P54252
A6NLU0	P14635
Q8NHY2	Q8NHY2
Q8NHY2	Q13085
Q99496	P0C0S8
Q8WU17	O15503
Q8IYW5	P16104
Q8IYW5	P0C0S8
Q9P0P0	P08514
Q96GF1	Q9BRJ7
Q9NWF9	Q13546
Q9NWF9	O00206
Q9NWF9	Q9NR96
Q9NWF9	Q13114
Q9Y3C5	Q9HAU4
O43567	O43567
Q9UBS8	Q9UBS8
Q969K3	Q14790
Q969K3	Q92851
Q9H4P4	Q99836
Q9H4P4	Q9UHD2
Q9Y252	P48059
O76064	O76064
O76064	P0C0S8
Q7Z6J0	P63252
Q8IUQ4	P41594
Q8IUQ4	P49675
O43255	P04637
O43255	O43597
O43255	Q9NS87
O43255	Q96B97
Q13309	Q9NXR8
Q9HCE7	Q9Y490
Q9HAU4	P49841
Q9HAU4	Q96FJ0
O43791	P08151
Q92844	Q15759
Q92844	Q13489
O60858	P55072
P29372	P62714
Q14258	P31947
Q9BZR9	O15524
Q05086	O15145
Q8IWV8	P0C0S8
Q9H0M0	Q8N0X7
P98170	P55008
Q96PM5	P49458
Q13489	Q14790
O43791	P10275
O43791	P60484
Q86XK2	O75626
Q13191	P27986
Q9UKC9	P30281
Q9UKC9	P49585
Q9NXK8	Q14012
Q9H469	Q9HAU4
Q9H469	O00308
Q8TEB7	P31146
Q8TEB7	O15511
Q99942	P68036
Q14258	Q15911
Q96EP0	Q13546
Q9BV68	P36888
Q9BV68	P08581
Q9BV68	P61073
Q9BY78	Q13501
Q9BY78	Q14653
Q6ZNA4	P29590
Q9Y4L5	P36888
Q9Y4L5	P08581
Q9Y4L5	P61073
Q96EQ8	Q7Z434
Q96EQ8	P23458
Q96EQ8	P04637
Q8WVD3	P13010
Q8WVD3	Q99708
Q7Z419	Q07812
Q9NTX7	O15169
Q9NTX7	Q9Y2T1
O43791	Q9HCU9
O43791	O00330
O43791	P10070
O43791	P10071
Q96J02	Q13546
Q96J02	P19174
Q96J02	P06241
Q15751	P49815
Q05086	P51451
Q14145	P25205
Q9H0M0	Q9Y5W3
O00308	P60484
P46934	P35968
P46934	Q6PJG6
Q96PU5	Q6PJG6
Q9NTX7	Q9H2G9
Q9NTX7	O15234
Q9NTX7	O95271
Q9NTX7	Q9H2K2
Q8IYW5	O75164
Q96GF1	Q12981
Q96GF1	P13569
Q969K3	Q13546
Q969K3	Q9UBK2
P78317	Q99814
P78317	Q92674
Q9H4P4	Q14653
Q9H4P4	P11678
O76064	O75164
O76064	P13010
O76064	Q9HCU8
O76064	Q16777
O76064	Q8IUE6
O76064	Q96A08
Q9HCE7	Q7Z434
Q8IUQ4	O00472
Q8IUQ4	P36888
Q8IUQ4	Q99933
O43255	Q99933
O43255	Q92630
Q9UNE7	P06746
Q9UNE7	P29317
Q13490	Q14790
Q13489	Q14164
Q9Y297	Q76N32
Q75N03	Q14247
Q75N03	Q93070
Q12834	Q15784
P49427	P25963
P49427	P10244
P49427	Q03060
P49427	P35222
Q7L5Y6	P05412
Q9NZJ0	Q8NFZ0
Q9UM11	Q99708
Q7Z6Z7	P06746
Q7Z6Z7	Q99741
Q7Z6Z7	Q9UQ80
Q7Z6Z7	P16401
Q7Z6Z7	Q02539
Q7Z6Z7	Q16777
Q7Z6Z7	Q8IUE6
Q7Z6Z7	Q96A08
Q7Z6Z7	P33778
Q7Z6Z7	Q71DI3
Q7Z6Z7	P62805
Q96J02	O14964
Q96J02	Q7Z434
Q96J02	O43318
Q96J02	Q86Y01
Q96J02	Q6PJG6
Q53G59	O94979
Q53G59	Q9NQW1
Q53G59	Q92997
Q53G59	Q9UBV8
O95198	O95502
O95198	Q9H4A3
O95198	Q9BYP7
Q9Y2M5	P53355
Q9Y2M5	P57737
Q9Y2M5	O15085
Q5T0T0	P02786
Q5T0T0	P49327
Q00987	O95863
Q00987	O43602
Q86YT6	Q9UPN4
Q86YT6	O15078
Q86YT6	Q15154
Q96PU5	Q12809
O60260	P10415
O60260	Q9BT88
O60260	O95140
O60260	Q9UNE7
O60260	Q15388
O60260	Q70CQ3
Q8N2H9	P51617
Q7Z6E9	Q8NAP3
Q9BYM8	Q13546
Q8WZ73	Q6MZQ0
Q8WZ73	Q14790
Q8WZ73	Q92851
Q8WZ73	P31947
Q8NHY2	P31947
Q9NVW2	Q96MM3
Q9Y4K3	P31751
Q96F44	P31645
Q96F44	Q96QS3
Q9C040	O43521
Q13263	Q92985
Q13049	Q9BXC9
Q9HCM9	Q96BY2
Q8NG06	O43237
Q969Q1	Q9Y692
Q969Q1	P31937
Q14669	Q8N726
Q14669	Q969G3
Q05086	O00327
O95071	P35558
Q96T88	P29590
P40337	P07550
Q9Y4B6	O14746
Q9H0M0	O15105
Q9H0M0	Q15796
P98170	P55210
P98170	Q14790
P98170	O14618
P98170	O15392
P98170	Q04724
P98170	Q04725
P98170	Q04727
P98170	Q08117
A6NNE9	P01730
O00308	Q9P2A4
O15344	P67775
O43164	P31321
O43164	P31323
O43255	Q9Y6H5
O60260	O60260
O60260	O60883
O60260	O96020
O60260	P08247
O60260	P19174
O60260	P21860
O60260	Q15303
O60260	Q96AE4
O60260	Q99962
O60260	Q99963
O60858	P04234
O95155	Q8IWX7
P10523	P49427
P19474	Q9H211
P22681	P04085
P22681	Q14155
P35226	P04908
P35226	P0C0S5
P35226	P0C0S8
P35226	P20671
P35226	Q7L7L0
P35226	Q8IUE6
P35226	Q93077
P35226	Q96KK5
P35226	Q96QV6
P35226	Q99496
P35226	Q99878
P38398	Q96QV6
P38398	Q99728
P40337	Q9NWT6
P46934	P12931
P46934	P27216
P46934	Q86Y01
P62877	P23443
P63244	Q16665
P63244	Q9P126
Q00987	O15145
Q00987	O43524
Q00987	O94916
Q00987	P04150
Q00987	P78352
Q00987	Q09472
Q05086	P78352
Q05086	Q05086
Q05086	Q8IXH7
Q06587	P0C0S8
Q09472	P04637
Q09472	Q01094
Q12933	Q13489
Q12933	Q13546
Q12933	Q13601
Q13049	Q9H9R9
Q13191	O00459
Q13216	Q03468
Q13489	Q13489
Q13490	Q12933
Q13490	Q13490
Q15386	Q15386
Q5T0T0	P13762
Q5T0T0	P33076
Q5T0T0	P79483
Q5VTR2	P62807
Q6VVB1	O95278
Q6ZNA4	P84022
Q6ZNA4	Q15796
Q7L5Y6	O00763
Q7L5Y6	Q13330
Q7L5Y6	Q53ET0
Q7Z6J0	Q9UBP5
Q7Z6M2	O00303
Q86TM6	P42858
Q86TM6	Q96AJ1
Q86TM6	Q96M98
Q86Y01	Q13233
Q86YJ5	P01880
Q86YJ5	Q96LA5
Q8IUQ4	Q96KS0
Q8IUQ4	Q9H6Z9
Q8IYU2	P10276
Q8IYU2	P10826
Q8ND25	P15104
Q8ND25	P31749
Q8NHY2	P03956
Q8TBB1	Q96BR9
Q8TCQ1	P13762
Q8TCQ1	P33076
Q8TCQ1	P79483
Q8WV44	Q02156
Q92466	P0C0S8
Q92466	Q92466
Q969H0	Q13490
Q969P5	Q9UBF9
Q969P5	Q9Y6J0
Q969Q1	Q14896
Q96AX9	P47989
Q96BH1	Q969F2
Q96F44	P42858
Q96J02	P17844
Q96J02	Q16625
Q96J02	Q99962
Q96J02	Q9UBN4
Q96PU5	P37173
Q96PU5	P51168
Q96PU5	Q16620
Q96PU5	Q9H3D4
Q99496	P0C0S5
Q9BYM8	O14867
Q9H0M0	P37173
Q9H4P4	Q6NUN9
Q9HAU4	P84022
Q9HCE7	O95947
Q9HCE7	P37173
Q9HCI7	P62807
Q9NPC3	P14635
Q9NQ86	Q14653
Q9NS91	Q9NS91
Q9NWN3	P15172
Q9NX47	P33076
Q9P2P5	O15350
Q9UK99	Q09472
Q9UKB1	O14920
Q9UKB1	O15111
Q9UKT8	O96020
Q9UKT8	P24864
Q9UM11	O14965
Q9UM11	O43683
Q9UM11	P12757
Q9UM11	P13349
Q9UM11	P23919
Q9UM11	P26358
Q9UM11	P41134
Q9UM11	P55290
Q9UM11	Q01196
Q9UM11	Q02363
Q9UM11	Q08050
Q9UM11	Q14511
Q9UM11	Q5FBB7
Q9UM11	Q6UVJ0
Q9UM11	Q8WWK9
Q9UM11	Q96GD4
Q9UM11	Q9BXS6
Q9UM11	Q9NQW6
Q9UM11	Q9ULW0
Q9UNE7	P29474
Q9UNE7	P29475
Q9UNE7	P35228
Q9UNE7	P53355
Q9UNE7	Q13114
Q9UNE7	Q13485
Q9Y297	O15111
Q9Y297	P08047
Q9Y297	P17181
Q9Y297	P50579
Q9Y297	Q8TDM6
Q9Y4K3	Q13352
Q9Y4K3	Q13568
Q969P5	Q14896
P46934	O43597
Q9UNE7	Q16665
Q12933	Q8IUC6
Q9Y4K3	Q8IUC6
Q9Y297	Q8N668
Q9UM11	Q16875
Q9C026	Q9C026
Q8NFD5	Q8NFD5
P62877	P03372
Q86YT6	Q9UNE0
A8MQ27	Q9UNE0
O75382	Q5VSY0
Q8WY64	P98155
Q96J02	O60240
Q96J02	Q99541
Q96PU5	Q16625
P46934	Q8WUM4
Q7Z6Z7	P20393
Q9HCE7	Q13873
Q9HCE7	P36894
Q9HCE7	O00238
Q12933	Q13105
Q9UM11	P45983
Q9UM11	P45984
Q9UM11	P53779
Q05086	P54821
Q96PU5	O14964
Q9NS91	Q9BXW9
O43255	O15379
Q99496	O75496
Q9HCE7	P51668
Q9HCE7	P61077
Q96PU5	Q9H1D0
Q9NX47	P54252
Q7Z419	P06748
Q12933	Q12933
Q9NZS9	P55061
Q13309	P04637
O76064	Q96FW1
Q9UM11	O43474
P19474	Q92985
Q8IUQ4	P98170
Q9UM11	O14777
Q86TM6	P01009
Q86TM6	P04234
Q9UNE7	P07197
Q9UNE7	Q9Y697
Q96EP0	O95786
O00635	O00635
O95155	P04637
O60858	P31751
P40337	Q13309
Q9HCE7	Q9Y5W3
P35869	P03372
Q13309	Q96FS4
Q9UKV5	Q99574
Q8NG27	Q15022
Q5XUX0	P30279
Q14258	Q13887
P22681	P07947
Q96K19	Q14643
O43255	P46527
Q9HAU4	P00533
Q5T0T0	P08195
P46934	P11362
Q96PM5	O75417
Q9UNE7	Q12933
P46934	Q96GG9
Q9NTX7	P09874
Q9UNE7	Q15831
Q96AX9	Q9Y6K9
Q9Y297	Q16656
Q9HAU4	Q13887
Q8IYU2	Q8NBJ4
Q14669	Q8N6T3
Q8TBB1	P01732
O43255	Q16665
Q00987	O75417
O60260	Q8IXI1
O76064	O14773
P14373	O00750
Q00987	Q86Z02
O95714	Q96JN8
Q9H0M0	P61073
Q9UNE7	Q03060
O43255	P37231
Q00987	Q92731
Q00987	Q15361
Q96PU5	Q4VCS5
P46934	Q4VCS5
Q9Y2E6	Q9UHD2
Q969H0	Q9H1I8
Q96PU5	P53805
O60260	Q07812
P22681	P13569
P22681	Q9UM73
Q12834	P13762
Q00987	Q15466
Q9UM11	Q01094
Q14258	Q7Z434
Q8NC42	P15056
Q9NW38	P35222
Q96PU5	Q96D31
O95628	P46937
Q9H4P4	P17676
Q99942	O43511
P46934	Q2KJY2
O60260	O43236
Q9HAU4	P37173
Q8TBB1	O76021
Q13309	P49336
Q13049	P17661
Q99496	Q99496
Q00987	O95376
Q9Y577	Q07820
Q8IUQ4	Q6IE81
Q9UNE7	P04839
Q9UNE7	Q96PH1
Q9UM11	Q8IWA4
Q9UM11	O60313
Q9UM11	Q00059
Q5XPI4	P83916
Q5XPI4	P45973
Q9UHC7	Q8N726
Q7Z569	Q9Y4E8
Q96J02	Q13490
Q6Q0C0	P04637
O60784	Q99741
P10523	Q13794
P10523	P46527
P10523	Q8TB45
P10523	Q16665
P10523	P25963
P10523	P05412
P10523	P21359
Q9BYM8	O75469
P46934	P01106
O95376	Q15653
Q13191	P35568
P46934	P31751
P46934	Q9Y243
Q8IUQ4	Q07912
P38398	P30307
O60260	Q13148
P62877	Q16236
Q9NX47	O00220
O60260	Q9UNN5
Q13114	Q14164
Q13114	Q9UHD2
Q12834	Q9Y4A5
Q9UM11	Q9Y4A5
Q86XS8	Q15836
Q5T447	Q9UDY8
Q96PU5	O14641
Q9BVG3	Q9BVG3
Q9UNE7	P56545
Q9UKV5	Q8IWA4
Q9UKV5	O95140
Q9UNE7	P55017
Q9Y4K3	O43561
O43255	P10275
Q969Q1	P25963
Q05086	P03372
Q9ULT8	O60331
Q9H0M0	O95835
Q96FA3	Q13114
Q86YT6	Q16637
P46934	O15399
Q9Y4K3	P49768
O76064	P29590
Q5T4S7	Q9NQA5
Q9H0M0	Q9Y4K3
Q9P0N8	P13569
Q8TCJ0	P19419
Q96EP1	Q96KB5
P46934	P25116
P35226#Q99496	Q7L7L0
P35226#Q99496	Q16777
P35226#Q99496	Q8IUE6
P35226#Q99496	Q99878
P35226#Q99496	Q96KK5
P35226#Q99496	P20671
P35226#Q99496	Q93077
P35226#Q99496	Q96QV6
P35226#Q99496	P0C0S5
P35226#Q99496	P16104
P35226#Q99496	Q6FI13
P35226#Q99496	P04908
P35226#Q99496	P0C0S8
P35226#Q99496	Q99496
Q7L5Y6#Q8NHY2	Q13085
Q7L5Y6#Q8NHY2	O00763
Q7L5Y6#Q8NHY2	P05412
Q7L5Y6#Q8NHY2	P04637
Q7L5Y6#Q8NHY2	Q13330
Q7L5Y6#Q8NHY2	Q53ET0
Q7L5Y6#Q8NHY2	Q12778
Q9P2J3#Q9P2N7	P14635
Q9HCE7	Q8TB46
Q9HCE7	Q8N519
Q9HCE7	Q7Z4L4
Q12933	Q99558
O43791	Q9BYW2
Q969H0	P04637
Q96J02	Q8NEA6
Q9HAU4	Q5VTR2
P46934	Q99755
Q8IX12	P04637
Q5XUX0	P52564
Q96SW2	Q96SW2
O43791	Q27J81
Q13616	P04637
Q8NHY2	P05412
Q96SW2	Q9H3D4
Q13309	Q99801
Q9NXK8	Q96RR4
Q7Z6Z7	Q92858
Q9HCE7	Q9P2Y5
Q99675	P00533
Q13263	Q13131
Q8NI29	P13473
Q9UM11	P16284
Q969P5	P01106
Q13309	Q86X55
O43791	Q9H9S0
Q96J02	Q9BTU6
Q96J02	O15105
Q05086	Q8WTU0
Q9NVW2	P25791
O60858	O60858
P46934	Q5MJ70
Q16531	O75909
Q9Y3I1	Q96SW2
Q9UKB1	Q9Y297
Q9NVW2	Q9UBR4
Q9H3F6	Q8IUC6
Q53G59	Q9C0E8
Q9H0M0	P42566
Q96J02	Q13635
Q13309	P36639
Q93034	P04637
P19474	Q04206
Q53GT1	O75140
Q8WZ60	Q9HBD1
Q96SW2	Q9UJQ4
Q14999	P04637
Q9HAU4	Q13257
O60337	Q14534
Q9NWF9	Q9NR97
Q9UKT5	P51114
Q9UKT5	Q07820
Q9NZJ0	Q9HCU8
Q9Y4K3	Q9BQ95
O43791	Q12834
Q969H0	O95863
O43255	Q9NRM7
P46934	Q9UJM3
O43791	P25440
O43791	O60885
P78317	Q6NUN9
O00635	Q9Y4K3
Q9Y297	Q9UKB1
Q9UKB1	Q9NX09
O94844	O76074
Q7Z6Z7	Q9Y4P8
Q5T447	P55211
Q969H0	P48436
Q13309	P46937
Q13309	Q15672
Q96J02	Q12778
Q96M94	Q99708
O94952	P08183
Q14145	Q13501
Q96SW2	P10636
Q96J02	P16403
Q9NZJ0	Q16526
Q9HAU4	Q01826
Q9NZJ0	Q99741
O00308	O15350
Q96PU5	Q6UUV7
Q9UHC7	P11940
Q8IWR1	O75367
Q9UNE7	O00327
Q5T447	P04049
Q96J02	P15056
Q9NZJ0	Q9Y253
Q13309	Q53EL6
O60260	P19367
Q8NHY2	P35222
Q66K64	Q14498
Q969H0	Q9H0K1
Q8WZ60	P24941
Q96J02	Q15750
Q9P2J3	P17676
P46934	P08183
Q96J02	Q8WWW0
P46934	O75473
P46934	O14641
Q96PU5	O75473
P46934	Q9BXB1
Q96PU5	Q9BXB1
O43791	Q16828
Q969H0	O60315
Q96J02	Q9UMX1
P46934	P38936
Q05086	Q15257
Q16531	O00482
Q9NRD1	Q96HE7
Q8NHY2	P40763
Q9Y297	Q92539
Q96J02	P20963
Q13191	P20963
Q13309	Q7L523
P46934	P42261
O60260	O43175
Q13309	Q8WWM9
Q9NVW2	P50458
Q9NVW2	Q9NVW2
Q969P5	O43474
Q9Y4K3	Q9GZQ8
Q9Y4K3	P35222
O60260	Q9Y4K3
O60260	Q92844
Q9UKT8	P35548
Q8N8N0	Q15382
Q9NZJ0	Q53EL6
O43791	O15164
O43791	Q15059
Q96D59	O14763
Q13309	Q6PGQ7
Q9NVW2	P61968
Q9H0M0	Q13485
Q5T6F0	P43357
Q5T6F0	P43360
Q9NZJ0	P28715
Q8TEB1	Q17RS7
Q75N03	P07355
Q8NEZ5	P35613
Q9UKT5	P05362
Q7Z6Z7	P38398
Q96EP0	P29466
P46934	P10523
Q9Y4B6	O95835
Q9Y4B6	Q9NRM7
Q9UJP4	Q5UEC6
Q9UNE7	P17612
Q9UNE7	P22694
Q13309	P31751
Q9Y2M5	O75385
Q9Y2M5	Q8NEB9
Q9Y2M5	Q14457
Q9H2C0	Q676U5
Q53G59	Q92945
Q9UHC7	P46783
Q6PJ69	Q9NRY4
P35869	P37231
Q9P2N7	Q6PGQ7
Q9NZJ0	Q6IQ49
Q9H0M0	P60484
Q9UKA1	Q9BQ15
Q9H0M0	P46527
Q96D59	P05026
Q8NEZ5	O43474
Q92844	Q9BVC4
P46934	Q96NT3
Q9H3F6	Q8IW35
Q96SW2	Q9UKT9
Q8IXQ5	Q9H6E5
Q9P2K6	Q16537
Q96J02	P21860
Q8NHY2	Q13330
P46934	Q13501
O43791	P24864
Q00987	Q7Z6Z7
Q7Z6Z7	Q8IZG5
Q5T447	Q14790
P36406	Q9Y6K9
Q969H0	P17861
O60260	Q9NZ45
Q96M94	Q15173
P29372	Q9P0W2
O00308	Q8IUC6
O43791	Q9H5J0
Q9H2C0	P14136
Q93034	Q9HC16
O95376	Q9HC16
Q9NRD0	P09211
Q8NHY2	P04637
Q05086	P49715
Q8NEZ5	P04637
Q9HAU4	P11388
Q9P2J3	Q6PGQ7
Q13309	Q15831
Q9H0H3	Q13541
O43255	Q96KS0
Q96J02	O75581
Q96J02	Q15811
P0C2W1	P37275
P0C2W1	O60315
P0C2W1	O95863
P0C2W1	O43623
P0C2W1	Q15672
Q8IUQ4	P37275
O43255	P37275
Q9UNE7	P01106
Q13263	P09467
O43791	Q12906
O94889	O14965
Q96AX9	Q9UHD2
Q8WV16	Q96CV9
Q969H0	Q49AN0
Q00987	P35637
Q96J02	P46937
Q96J02	Q4VCS5
O43791	P49327
Q00987	O15055
O43791	Q16829
Q96SW2	Q13422
O43791	Q49A26
Q969H0	Q9UQ13
Q7Z6Z7	Q9UGP5
Q96PU5	Q9P2K8
Q9NVF7	Q9NVF7
Q9H3F6	P62745
O76050	O76083
Q8WV16	Q9NRC1
O43791	P06401
Q94BT6	Q9LKL2
Q8RXD3	Q01593
Q8RXD3	Q8RXD3
Q9LX93	Q9LX93
Q9SRS9	Q94B60
Q9SRS9	Q39102
Q9SPL2	O24646
O04197	Q9LMA8
O04197	Q9LVI4
P43254	Q9SQI2
P43254	Q9LK95
P43254	Q9M0K4
P43254	O24646
P43254	Q8W191
P43254	Q9FE22
P43254	P14712
P43254	Q39057
Q9M9Y4	O82132
Q94AY3	O82132
Q6NPN9	Q9SJN0
Q708Y0#Q9SKK0	O24606
O65020	Q37001
Q8W104	P24100
Q9STX3	Q8GXW1
Q9STX3	Q9SLH3
Q9STX3	Q9LQT8
Q84JU6	Q9LSE2
Q8RXD6	O23629
Q9C895	O23629
Q9FY48	Q9SJN0
Q9M841	Q9FMA3
Q42384	Q38997
Q9SVC6	Q9SGW3
Q84TG3	Q9SGW3
Q9SIZ8	Q67Y93
Q9SIZ8	Q9SCR2
O64425	P43286
P93030	P33487
Q8S3N1	Q84TE6
Q8L4M1	Q9SJN0
Q570C0	Q38822
Q570C0	Q38825
Q570C0	Q38830
Q9SU29	Q9SUP6
Q6NLQ8	Q43309
Q6NLQ8	Q9STR4
O22286	P49598
O22286	Q9CAJ0
O22286	P49597
O22286	O04719
Q1EBV6	P49598
Q1EBV6	Q9CAJ0
Q1EBV6	P49597
Q1EBV6	O04719
P43254	Q43125
P43254	Q8GZM7
Q91ZT8	Q04447
Q3ULA2	Q3TFD2
Q3ULA2	Q06507
Q3ULA2	P23804
Q3ULA2	P06332
Q3ULA2	P48964
Q3ULA2	Q02085
Q3ULA2	P97471
Q3ULA2	Q8BUN5
Q3ULA2	Q02248
Q3ULA2	Q811D0
Q3ULA2	P25799
Q3ULA2	Q64702
Q3ULA2	Q9WTK5
Q3ULA2	Q9Z1E3
Q3ULA2	Q60778
Q3ULA2	O54910
Q3ULA2	Q7TSG3
P22682	O54918
P22682	P47941
P22682	P09581
P22682	Q01279
P22682	P16092
P22682	P21803
P22682	Q61851
P22682	Q03142
P22682	Q8C180
P22682	Q99LI8
P22682	Q00560
P22682	P23611
P22682	P35918
P22682	P05532
P22682	P25911
P22682	P16056
P22682	P26618
P22682	P05622
P22682	Q8R550
P22682	Q3UTJ2
P22682	P42230
P22682	P42232
P22682	P48025
P22682	P27870
Q3TTA7	Q3TTA7
Q3TTA7	Q62077
Q3TTA7	Q8R550
Q3TTA7	P48025
Q9JIY2	P09803
Q9JJ66	P24860
Q9JJ66	Q03347
Q9JJ66	Q9CQJ7
Q810L3	P97477
Q810L3	Q810L3
Q810L3	O09106
Q810L3	Q07832
Q8BT14	Q8BT14
Q80TR8	P46662
Q99J79	P51612
Q9D0A0#Q9R1A8	Q3U182
Q8CCE9	P02340
Q9CR14	Q80V62
Q9EPX5	P49919
Q8C2S5	Q811J3
Q8C2S5	O08788
Q7TPD1	P02340
Q80UW2	P35438
Q3TQF0	P25322
Q9CPU7	P10085
Q9CPU7	P12979
Q9CPU7	Q9R1E0
Q9CPU7	Q9DCH4
Q8VE08	P62960
Q8CHQ0	P25322
Q9QZN4	O35280
Q5SRY7	P33896
Q5SRY7	Q02248
Q5SRY7	Q9Z1E3
Q8VBV4	P05627
Q8VBV4	Q61457
Q8VBV4	P06876
Q8VBV4	P01108
Q8VBV4	Q01705
Q9R1K5	P04184
Q9R1K5	P24860
Q9R1K5	Q9JJ66
Q9R1K5	Q60665
Q9R1K5	P24699
Q9R1K5	Q03347
Q9R1K5	Q9CQJ7
Q9R1K5	P13864
Q8CA72	P14873
Q8CA72	Q8C052
Q3U487	O88983
Q3U487	Q99KW3
Q4U2R1	Q64267
Q7TMY8	P03966
Q7TMY8	P02340
Q62406	Q8C669
Q8R4K2	Q8C669
Q8C863	Q9Z0H7
Q8C863	P70444
Q8C863	O35732
Q8C863	P70658
Q8C863	Q61527
Q8C863	Q8C863
Q8C863	P05627
Q8C863	P09450
Q8C863	O89091
Q8C863	Q01705
Q8C863	Q62432
Q8C863	Q91VH2
Q8C863	O88898
Q8C863	Q9JJP2
Q8BGV7	Q9QUI0
Q9Z2X8	Q60795
Q9Z2X8	Q8BX10
Q6TDP3	P39087
Q3U410	O70126
O70263	Q9QZS3
Q80ZI6	Q61187
Q2TBA3	O88522
P53349	Q61010
P53349	P47930
P53349	P05627
P53349	P63085
P53349	Q63844
Q6NZQ8	P42082
Q6NZQ8	P25446
Q6NZQ8	P14483
Q6NZQ8	Q62351
Q8CBH7	P06332
Q99M02	P42082
Q99M02	Q62351
Q80TE3	P06332
Q3KNM2	Q8K1M6
Q3KNM2	Q9CQ92
Q3KNM2	Q811U4
Q9WV66	Q9WV66
Q9DBD2	P42082
Q9DBD2	P14483
Q3TZ87	P06332
Q3TZ87	P13597
P23804	P28352
P23804	P19091
P23804	Q9WV31
P23804	Q8BWG8
P23804	Q91YI4
P23804	Q61501
P23804	Q9QZR5
P23804	Q9QXM1
P23804	Q9JHD1
P23804	Q8CHK4
P23804	P23804
P23804	O35618
P23804	O70548
P23804	P02340
Q9D074	Q61187
Q80SY4	Q80YE7
Q80SY4	Q61483
Q80SY4	O88516
Q80SY4	Q9JI71
Q80SY4	Q80SY4
Q8R516	Q61483
Q8R516	O88516
Q8R516	Q9JI71
O70583	P07978
Q9QXP6	P39689
Q9QXP6	P02340
Q8BM54	P35951
Q8BM54	Q924X6
Q8BM54	Q8BM54
P46935	Q9Z0H7
P46935	Q8BMI3
P46935	P25911
P46935	Q8R0W6
P46935	Q91ZP6
P46935	P46935
P46935	O08586
P46935	P48025
Q8CFI0	Q9WVD4
Q8CFI0	Q91ZP6
Q8CFI0	Q6QIY3
Q8CFI0	Q9JJV9
Q8CFI0	Q9WTU3
Q8CFI0	Q62205
Q8CFI0	Q61180
Q8CFI0	Q9WU39
Q8CFI0	Q9WVC6
Q8CFI0	Q8CFE6
Q8CFI0	Q62432
Q923S6	Q9QXX0
Q0MW30	Q61483
Q0MW30	O88516
Q0MW30	Q9JI71
Q9D0S4	Q02248
Q8BR37	Q9WUA5
Q8BR37	Q7TMB3
Q9D6T0	P14753
Q9WVS6	Q8R010
Q9WVS6	Q9QY42
Q9WVS6	Q9WVS6
Q9WVS6	Q9ERU9
Q6NZQ4	P17918
Q8R1G6	Q04207
Q8R1G6	P42225
Q69ZS0	Q61006
Q8C669	Q62406
Q8C669	Q62172
O55176	Q9QYH6
Q9QXK2	P17918
P15919	Q60960
P15919	P15919
Q4VGL6	Q9WVS0
Q9CR50	P46414
Q6ZQM0	Q6ZQM0
Q6ZQM0	P02340
Q8CIK8	P02340
Q9WTV7	P70288
Q9WTV7	P70662
Q9WTV7	O55203
Q9WTV7	P53668
Q9WTV7	P70371
Q5XPI3	P46414
Q9D9R0	Q6Q899
Q9CWS1	Q6Q899
Q8BKD6	Q8BYR1
Q3U827	Q62520
Q8C432	P63082
P50636	Q9QY96
P50636	P08228
A2A7Q9	Q91YL3
Q9CQJ4	Q9CQJ4
Q9CQJ4	Q8CCI5
P58283	P58283
Q6PDX6	Q6PDX6
Q6PDX6	Q62141
Q9QZS2	P28322
Q9QZS2	P11103
Q9QZS2	Q9QZS2
Q8BH75	Q61526
Q8BH75	Q8BH75
Q5NCP0	Q5NCP0
O35445	Q8BI36
O35445	Q8VI36
O35445	Q3TBT3
Q9DBU5	P19091
Q9DBU5	P53668
P61092	Q02248
P61092	Q91YE3
P61092	Q91UZ4
P61092	P06876
P61092	Q8K4S1
P61092	Q60953
Q06986	O08715
Q06986	Q91YE3
Q06986	Q91UZ4
Q06986	Q60974
Q06986	Q8K4S1
Q06986	Q60953
Q06986	P39429
Q9Z0Z3	Q9WTV6
Q9Z0Z3	Q61457
Q9Z0Z3	P01108
Q9Z0Z3	P39689
Q9Z0Z3	P46414
Q9Z0Z3	P49919
Q9Z0Z3	Q02248
Q9Z0Z3	Q9R1E0
Q9Z0Z3	Q9Z1E3
Q9Z0Z3	Q60778
Q9Z0Z3	P52734
Q9Z0Z3	O54910
Q9CUN6	Q61083
Q9CUN6	Q9QUI0
Q9CUN6	Q08775
Q9CUN6	P70340
Q9CUN6	P97454
A2A5Z6	Q02248
A2A5Z6	Q99JI6
A2A5Z6	Q08775
A2A5Z6	O35253
A2A5Z6	Q9CQ26
O35716	P35569
O35716	Q04207
O35716	P81122
O35717	O35718
O35718	P35569
O35718	P81122
Q6ZWS8	P25916
Q6ZWS8	Q9QZQ8
Q6ZWS8	O35613
Q9WUD1	P30561
Q9WUD1	P31750
Q9WUD1	Q09163
Q9WUD1	P19785
Q9WUD1	Q08369
Q9WUD1	P63017
Q9WUD1	P42859
Q9WUD1	Q60700
Q9WUD1	P10637
Q9WUD1	Q9JI70
Q9WUD1	Q9Z0J4
Q9WUD1	Q99N57
Q9WUD1	Q08775
Q9WUD1	Q9WVC6
Q9WUD1	Q8BUN5
Q9WUD1	P08228
Q9WUD1	Q9WUD1
Q9DBY1	Q9EQY0
Q9DBY1	P57716
Q9DBY1	Q9WVC6
Q9DBY1	P02340
Q9QXE7	Q02248
O70479	Q9QUI0
Q80Z37	P97436
P39429	Q9WUL6
P39429	Q60803
Q60803	Q9WUL6
P70196	P31750
P70196	O88522
P70196	P49117
P70196	P58801
P70196	P70196
Q99PQ2	Q924H2
Q99PQ2	P63015
Q7TPM3	Q7TPM3
Q9ESN6	P08551
Q62191	O88351
Q62191	P23611
Q62191	P35123
Q61510	Q6Q899
Q8R0K2	Q8R0K2
Q8CH72	P62484
Q8CH72	Q91WZ8
Q8CH72	P01108
Q8CH72	Q9JM05
Q8CH72	Q8CH72
Q99PP7	P97471
Q6PCX9	Q6PCX9
Q80VI1	Q3TBT3
Q38HM4	P07310
Q38HM4	Q5XKE0
Q38HM4	P05977
Q38HM4	P51667
Q38HM4	P97457
Q38HM4	P48787
O88196	P31750
O88196	Q60823
O88196	Q9WUA6
O08759	O55042
O08759	P02340
O70481	P15409
P40338	Q61221
P40338	P97481
Q8BZZ3	Q61527
Q8BZZ3	Q08775
Q8BZZ3	O35182
Q8BZZ3	P02340
Q8BZZ3	Q8BZZ3
Q9DBH0	P08152
Q9DBH0	P08775
Q9DBH0	P20263
Q9DBH0	P49282
Q9DBH0	Q9DBH0
Q60989	Q8K4M5
Q60989	Q61083
Q60989	O08586
Q80YV2	P24860
Q9D9X6	Q9D9X6
Q9DBH0	Q08775
Q8C863	P49117
Q9R1A8	P05627
Q8BWA5	Q8VHX6
P70196	O08863
Q8VBV4	Q99JB0
Q923S6	O70628
E0CZ16	Q9Z260
Q8C863	P51450
P22682	Q6Q899
Q9QZN1	Q9JIF0
Q06986	Q7TSJ6
Q80UW2	P15208
Q9DAK3	Q8CG03
Q7TMY8	Q80W47
Q80UW2	P35436
Q8C863	Q9R1E0
Q3TLR7	P97784
Q9DBH0	P48432
P70196	Q62210
Q9DBH0	Q62432
Q8CFI0	P23818
Q8CFI0	P63328
Q7TSG3	Q08297
Q8BZZ3	P09450
A2AUC9	Q80XB4
Q8R089	P09055
P46935	Q3TTA7
P30561	P37238
P39429	Q9DCJ1
Q80UW2	P56818
Q80UW2	P12023
Q9WVS6	Q60931
P23804	Q64205
Q3U487	P42227
Q3U487	Q2TBA3
Q8C863	P59941
Q8C863	Q3U1N2
Q6ZWS8	Q8BKZ9
Q6ZWS8	P01108
Q5BJ29	P97477
Q3U487	Q60803
Q8VBV4	O88520
Q9R1A8	P53566
Q4JG03	Q9Z197
P08393	P08393
Q92462	P06652
E1C049	A5HNF6
Q4V7X9	P30944
Q5RF77	Q5RAG0
Q4V837	P18248
Q6GPU3	P18248
P17221	P34708
O74757	Q9UUD1
P56273	P56273
Q94420	P34808
Q94420	O16299
Q5RBF2	Q5RBK4
Q5RBF2	Q5R7C0
Q90WJ3	P18248
P87053	Q10424
O14170#P87060	P40380
O14170#P87060	P41411
Q91829	P84233
Q91829	Q6PI79
Q17551	O01700
Q5NVK7	Q5R8L2
Q5RBH4	Q5REY6
Q6P7H4	P13350
P03126	Q12959
P03126	O43166
P03126	P04637
P08393	P49450
P08393	P07199
P08393	Q03188
P08393	P29590
P08393	P23497
P08393	P04637
P08393	Q93009
P08393	Q99856
P08393	Q5T5X7
P08393	P41212
P08393	Q9UIS9
P08393	Q96RE7
P08393	Q96BF6
P08393	Q9P1Z0
P08393	Q14149
P08393	P46100
P08393	Q8IYW5
P08393	P78527
P08393	O76064
P08393	Q8NAP3
P08393	Q96DT7
P08393	Q16666
Q8VSC3	P32455
Q8VSC3	Q9Y6K9
P03126	P41229
P06463	P41229
D3ZV15	Q04589
D3ZV15	Q498D6
D3ZV15	P20786
D3ZV15	Q05030
D3ZV15	O35413
Q8K4S7	Q8K4S7
Q8K4S7	P10686
Q8K4S7	Q925Q9
Q8K4S7	Q64725
Q7TSL3	P10361
B2RYN2	P39948
Q91Z62	Q64623
Q91Z62	P23693
Q923V4	Q91ZN7
P51593	P10361
P57790	Q562B5
P57790	O54968
Q8K430	P42260
D4A2K4	O55099
P63007	P53669
Q62925	P17325
Q62925	P63086
Q62925	P21708
A6P320	P05540
Q5I0I2	Q99376
D3ZDI6	P35952
D3ZDI6	D3ZDI6
Q62940	Q5U2S1
Q62940	Q07008
Q62940	P35739
Q62940	P51907
Q6IMG5	Q91XQ2
Q6IMG5	Q5U2R5
Q9JK66	Q32PX2
Q9JK66	Q9QYC6
Q9JK66	Q9JK66
Q9JK66	Q9JJM9
P68907	Q62838
D3ZBM4	P63081
Q4KLY4	P0CC09
O88846	O88846
Q5M807	Q66H76
Q920M9	P07825
Q8R4T2	O88884
Q8R4T2	P37377
Q8R4T2	P07825
B2GUZ0	Q9WTV5
B2GUZ0	O08769
Q7TNY1	P61589
B5DF45	B5DF45
Q9WV59	Q9WV59
Q91Z63	P23693
F1M3F2	D3ZWL1
F1M3F2	B5DFE2
P50082	P24868
P50082	P30283
P50082	P40316
Q07457	P02293
Q07457	P02294
Q07457	P36104
P26309	Q08981
P26309	P39001
P26309	P28742
P26309	P34244
P26309	P54199
P26309	P23624
P26309	P24869
P26309	P24870
P26309	P30283
P26309	P40316
P07834	P34244
P07834	P18412
P07834	P08153
P07834	P32917
P07834	P41546
P07834	P07834
P07834	P09119
P07834	P32943
P07834	P20438
P07834	P38634
P07834	P03069
P07834	P35203
P07834	P36054
P07834	P21268
P53197	Q08981
P53197	Q12280
P53197	P34244
P53197	P50275
P53197	P54199
P53197	P26309
P53197	P32562
P53197	P27895
P53197	P24869
P53197	P24870
P53197	P30283
P53197	Q03898
P53197	P40316
P35203	P35203
Q08496	P18412
P53861	P04050
P24814	P32581
P24814	Q05080
P24814	Q02794
P24814	P34072
P24814	P35198
P24814	P24814
P24814	P20437
P24814	P20438
P24814	P38634
P24814	Q04233
P24814	Q06648
P24814	P13181
P24814	P09201
Q08109	P25694
Q08109	P38307
Q08109	P12683
Q08109	P12684
Q08109	Q08109
Q08109	P33302
Q08109	P00729
Q08109	P32915
Q12347	Q12347
Q05930	P53083
Q05930	P04386
Q05930	P38297
P39014	P32944
P39014	P39014
P39014	P32389
P39014	P13365
P34909	Q02642
P34909	P38879
P30771	P30771
Q12216	Q12216
Q12161	P36012
P10862	P09932
P10862	P15873
P10862	P32849
P32849	P15873
P06779	P14736
Q12508	P09201
P39940	Q07622
P39940	Q12001
P39940	Q08269
P39940	P36117
P39940	P47029
P39940	P38731
P39940	P18634
P39940	P53244
P39940	P53755
P39940	P38356
P39940	P48524
P39940	P32457
P39940	P27614
P39940	Q12734
P39940	P49573
P39940	Q08412
P39940	P54005
P39940	P53911
P39940	Q03212
P39940	P38167
P39940	P38879
P39940	Q05785
P39940	P05316
P39940	P13181
P39940	P19145
P39940	P08539
P39940	P17629
P39940	P39003
P39940	P39004
P39940	P53281
P39940	P53048
P39940	P40578
P39940	P50276
P39940	P42939
P39940	Q06162
P39940	Q12080
P39940	Q01560
P39940	Q12143
P39940	Q08214
P39940	P07267
P39940	P12709
P39940	P25360
P39940	P27514
P39940	P05030
P39940	Q04119
P39940	P00729
P39940	P15380
P39940	P38212
P39940	Q03446
P39940	P22336
P39940	P38741
P39940	P09938
P39940	Q02805
P39940	P43602
P39940	P04050
P39940	P34087
P39940	P35718
P39940	P38886
P39940	Q08932
P39940	P39743
P39940	P32915
P39940	Q08446
P39940	P40210
P39940	P39980
P39940	P32790
P39940	P33338
P39940	P38925
P39940	P14359
P39940	Q07549
P39940	P35210
P39940	P32583
P39940	D6VTK4
P39940	Q12297
P39940	P38085
P39940	P38967
P39940	Q08919
P39940	P15565
P39940	P54787
P39940	Q12489
P39940	P43582
P39940	P38835
P39940	P53108
P39940	P36103
P39940	Q06170
P39940	Q06493
P39940	Q03231
P39940	P48558
P39940	Q06821
P39940	P32804
P38352	P28274
P38352	P53909
P22470	P32797
P22470	Q99257
P22470	P06701
P22470	P11978
P22470	P32558
P42843	P42843
P40072	P32333
P40318	P32504
P40318	P05030
P40318	P12866
P40318	P33296
P40318	P03962
P40318	P53159
Q03280	P32505
Q03280	P35177
Q03280	P38811
P36096	P27614
P36096	P32854
P36096	Q04119
P36096	Q03322
P19812	P41817
Q07963	Q03465
Q05947	Q05947
P54860	P35210
P33202	P38428
P33202	P14736
P33202	Q07084
P33202	Q02159
Q04511	Q04511
Q04511	P09932
Q04511	Q04049
Q06640	Q06640
P19812	P16658
P22470	P14693
Q2T9W0	P61585
Q08DS0	Q7YRC6
Q3ZC24	Q3T0I5
A0JNA8	Q3ZBW4
Q08DV5	Q08DV5
Q0VCW1	Q32KX7
Q2T9Z0	Q2T9Z0
Q7YRV4	Q95KV0
Q7YRV4	A6QR55
Q9UKT7	P08678
Q5T0T0	P01911
P69720	Q9NRW3
P69720	Q9HC16
P09504	Q84VQ0
O61899	Q09485
P69720	Q8IUX4
Q9DHV7	P01730
Q9VRP9	P02283
Q13191	Q9I788
Q5ZHZ4	P08641
Q9BMU2	Q09981
Q9GUP2	P34707
Q9UK22	P10193
O18402	O16810
Q9R1K5	Q60979
Q24044	Q7JX41
Q24044	P20439
Q8RSY1	P93216
Q5BDP1	Q07307
Q24307	Q24306
P90495	P15813
O41933	P01899
O41933	Q95457
O41933	P01901
P90495	P15260
P90489	Q13740
P90489	Q10589
P90489	P15813
P90489	P42081
P90489	P01889
P90489	P05362
P90489	P15260
P90489	P16284
Q9VGE5	Q9XYZ6
Q9VGE5	Q9VES0
Q9VGE5	Q9VIZ3
Q24371	Q27368
Q9Q8T2	P46630
Q997C2	P46630
Q6TV02	Q08339
Q60524	Q60524
Q9VUX2	P10041
Q804S5	Q6DI48
Q804S5	O57409
Q804S5	Q9IAT6
Q804S5	Q8UWJ4
Q804S5	Q90Y57
Q804S5	Q90Y54
Q6GNY1	Q91902
Q9VUX2	P18168
B1WBC4	Q91902
Q9UHC7	P06935
D4A722	P49816
Q9VVI3	Q24139
Q9VVI3	P07207
Q6GMD5	Q9PWK7
P29503	P10041
P29503	P18168
B3SRS0	Q14653
O92608	Q9Y5J3
Q8UVQ6	Q91902
P24271	P84229
Q91187	P84234
O13033	Q4QRF4
P24271	P84247
O13033	Q6PI20
Q867B5	Q867B5
P34088	P34088
Q9VFP2	Q9VHV8
Q9VFP2	P19538
Q2VJ60	O62714
Q8HXD5	Q8HXD5
Q99942	Q8ZNR3
P39940	P15685
Q9VB08	P08985
P21461	P42282
O44382	O97143
Q653Z5	Q75GR5
P40318	A6ZUA4
Q803I8	Q803I8
Q24306	Q9XYF4
Q24306	Q24475
Q24306	Q24306
Q9V8P9	P14003
Q19213	O45486
Q9N2Z7	P16356
Q9H0M0	P14076
Q9H0M0	P14077
Q9H0M0	P03345
Q9H0M0	P0C209
Q65XV2	Q40640
Q5SZ99	P70196
Q4JG03	Q8C5D8
Q8JZP3	Q6TKP2
Q13309	P03129
Q96J02	P05777
Q96J02	F5HEZ4
Q5VU92	P03427
Q8TEB1	P03427
Q13309	P06790
Q9UNE7	A6MI22
Q6GKZ1	Q9VH01
B7Z0L8	Q27368
Q9W2F2	Q8BYR2
Q9NZJ0	A4F535
P03243#Q6VGT3	P49917
P03243#Q6VGT3	P04637
P03243#Q6VGT3	P49959
P03243#Q6VGT3	P26006
P90495	P04439
Q9HCE7	Q14247
P40318	P0CY08
O95071	P67775
P29372	P67775
Q13309	A9UEZ6
P46934	P01112
P46934	P01116
P46934	P01111
-	Q9H307
-	P41376
-	Q9LD55
-	Q9XJ27
-	O49160
-	Q9SHI1
-	F4J6A1
Q9LHJ8	Q9SIF2
Q9LHJ8	Q9M9Y4
Q9LHJ8	Q94AY3
Q9LHJ8	P25696
P03165	O60315
P03165	Q13586
P03165	Q14997
P03165	Q8IY18
P03165	Q96SB8
Q8NHY2	P50549
Q8NHY2	P43268
Q8NHY2	P41161
Q13049	Q13501
Q5T0T0	-
-	Q91924
-	Q5U4S2
-	-
-	-
-	Q969H0
-	Q9Y4H2
-	P53615
-	O46122
-	Q9VHV8
Q6NRH0	-
Q5U374	-
Q8CA72	-
Q8C7D2	-
O60260	-
Q53G59	-
Q9H2C0	-
P46934	P68431
Q9H2C0	-
-	Q9Y4P8
-	Q9Y4P8
Q13618#Q9H0H3	P53396
Q9ULH1#Q12888	P04637
Q9H0M0#O00308	O15350
Q8C863#Q9DBH0	P29351
P39014#P07834	P36012
Q9UM11	Q15468
